speciescode,scientificname,taxa,commonname,censustarget,unidentified,rodent,granivore,minhfl,meanhfl,maxhfl,minwgt,meanwgt,maxwgt,juvwgt
AH,Ammospermophilus harrisi,Rodent,Harris's antelope squirrel,0,0,1,0,31,33,35,,,,
BA,Baiomys taylori,Rodent,Northern pygmy mouse,1,0,1,1,6,13.25064599,15,6,9.449086162,18,
PB,Chaetodipus baileyi,Rodent,Bailey's pocket mouse,1,0,1,1,16,26.03125,47,10,31.87351518,79,18.9950495
PH,Chaetodipus hispidus,Rodent,Hispid pocket mouse,1,0,1,1,21,25.12820513,28,18,30.71794872,48,24
PI,Chaetodipus intermedius,Rodent,Rock pocket mouse,1,0,1,1,18,21.96261682,24,10,17.46666667,28,10
PP,Chaetodipus penicillatus,Rodent,Desert pocket mouse,1,0,1,1,11,21.47860867,27,4,17.61851292,42,11.66603416
PX,Chaetodipus/Peromyscus sp.,Rodent,Pocket mouse/White footed mouse,1,1,1,1,11,,47,4,23.47055081,79,
DM,Dipodomys merriami,Rodent,Merriam's kangaroo rat,1,0,1,1,21,35.88388533,50,13,43.52721657,66,26.39257813
DO,Dipodomys ordii,Rodent,Ord's kangaroo rat,1,0,1,1,15,35.5316847,64,12,49.03951957,85,29.47101449
DX,Dipodomys sp.,Rodent,Kangaroo rat,1,1,1,1,15,,64,12,46.28336807,190,
DS,Dipodomys spectabilis,Rodent,Banner-tailed kangaroo rat,1,0,1,1,39,49.92785388,58,12,119.9275604,190,76.82
NA,Neotoma albigula,Rodent,White-throated woodrat,1,0,1,0,21,32.07571429,42,30,162.5347738,280,83.75221239
OL,Onychomys leucogaster,Rodent,Northern Grasshopper Mouse,1,0,1,0,12,20.33408578,39,7,31.12671977,56,18.43243243
OX,Onychomys sp.,Rodent,Grasshopper mouse,1,1,1,0,11,,39,5,27.59135777,56,
OT,Onychomys torridus,Rodent,Southern grasshopper mouse,1,0,1,0,11,20.02598091,31,5,24.05599577,46,15.53456221
PF,Perognathus flavus,Rodent,Silky pocket mouse,1,0,1,1,7,15.44696189,22,4,7.899749373,16,5.866666667
PE,Peromyscus eremicus,Rodent,Cactus mouse,1,0,1,1,11,19.94703118,30,7,21.98281643,71,15.14615385
PL,Peromyscus leucopus,Rodent,White-footed mouse,1,0,1,1,10,20.44604317,23,8,22.92647059,35,13
PM,Peromyscus maniculatus,Rodent,Deer Mouse,1,0,1,1,12,20.30291971,32,7,21.7079252,39,13.8125
RF,Reithrodontomys fulvescens,Rodent,Fulvous harvest mouse,1,0,1,1,15,17.51898734,20,9,13.4125,20,
RM,Reithrodontomys megalotis,Rodent,Western harvest mouse,1,0,1,1,6,16.36377427,23,4,10.72923441,21,7.145833333
RO,Reithrodontomys montanus,Rodent,Plains harvest mouse,1,0,1,1,11,15.62352941,17,5,10.76470588,16,
RX,Reithrodontomys sp.,Rodent,Harvest mouse,1,1,1,1,6,,23,4,11.6354801,21,
UR,Rodent sp.,Rodent,Unidentified rodent,1,1,1,0,,,,,36.89421337,,
SF,Sigmodon fulviventer,Rodent,Tawny-bellied cotton rat,1,0,1,0,19,25.94850949,38,13,68.75806452,199,25.8
SH,Sigmodon hispidus,Rodent,Hispid cotton rat,1,0,1,0,20,28.67895879,39,16,88.46170213,205,36.21052632
SO,Sigmodon ochrognathus,Rodent,Yellow nosed cotton rat,1,0,1,0,15,25.65853659,36,15,55.41463415,105,42
SX,Sigmodon sp.,Rodent,Cotton rat,1,1,1,0,15,,39,13,70.8781336,205,
SS,Spermophilus spilosoma,Rodent,Spotted ground squirrel,0,0,1,0,,,,57,93.5,130,
ST,Xerospermophilus tereticaudus,Rodent,Round-tailed Ground Squirrel,0,0,1,0,,,,,,,
SA,Sylvilagus audubonii,Rabbit,Desert cottontail,0,0,0,0,,,,,,,
CS,Crotalus scutulatus,Reptile,Mojave Rattlesnake,0,0,0,0,,,,,,,
CV,Crotalus viridis,Reptile,Prairie Rattlesnake,0,0,0,0,,,,,,,
EO,Eumeces obsoletus,Reptile,Great Plains skink,0,0,0,0,,,,,,,
SC,Sceloporus sp,Reptile,Spiny Lizard,0,0,0,0,,,,,,,
SU,Sceloporus undulatus,Reptile,Eastern Fence Lizard,0,0,0,0,,,,,,,
UL,Unknown Lizard,Reptile,Unknown Lizard,0,1,0,0,,,,,,,
AS,Ammodramus savannarum,Bird,Grasshopper Sparrow,0,0,0,0,,,,,,,
AB,Amphispiza bilineata,Bird,Black-throated sparrow,0,0,0,0,,,,,,,
CM,Calamospiza melanocorys,Bird,Lark Bunting,0,0,0,0,,,,,,,
CQ,Callipepla squamata,Bird,Scaled quail,0,0,0,0,,,,,,,
CB,Campylorhynchus brunneicapillus,Bird,Cactus wren,0,0,0,0,,,,,,,
PC,Pipilo chlorurus,Bird,Green-tailed towhee,0,0,0,0,,,,,,,
PU,Pipilo fuscus,Bird,Brown towhee,0,0,0,0,,,,,,,
UP,Piplio sp,Bird,Towhee,0,1,0,0,,,,,,,
PG,Pooecetes gramineus,Bird,Vesper Sparrow,0,0,0,0,,,,,,,
US,Sparrow sp.,Bird,Unidentified sparrow,0,1,0,0,,,,,,,
SB,Spizella breweri,Bird,Brewer's sparrow,0,0,0,0,,,,,,,
ZL,Zonotrichia leucophrys,Bird,White Crowned Sparrow,0,0,0,0,,,,,,,
UB,Unknown Bird,Bird,Unidentified bird,0,1,0,0,,,,,,,